{"val_loss": [0.9755037699512501, 0.3329495491843727, 0.6220003129848882, 1.705401999866543, 1.920886868208497, 1.0935019715179908, 0.23783409423265026, 0.5317098509763653, 0.550160624873099, 0.5604778036999343, 5.349988352713273], "acc": [0.9080100207215406, 0.9455569561790017, 0.9482686817273032, 0.9465999252655927, 0.9486858641101661, 0.9468085214551608, 0.9463913245254822, 0.947017112273597, 0.9476428988281269, 0.9468085232455381, 0.9468085265278965], "val_acc": [0.932160827682246, 0.9271356831842931, 0.8165829223604059, 0.6273031761897868, 0.8274706647024682, 0.9321608231894335, 0.9321608285808084, 0.9321608279817667, 0.8835845787321502, 0.6666666760516526, 0.3810720380826212], "loss": [0.2602728639399453, 0.1844501459926777, 0.17602178603597218, 0.17420827745645306, 0.167104261100889, 0.1740238232927418, 0.17918208026057936, 0.17373062462286, 0.1679157893521914, 0.17161539132626394, 0.16622574064176582]}